[ {
  "id" : 1,
  "name" : "datos_becas",
  "description" : "Scholarship criteria configuration table. Each row defines one scholarship type\n  and specifies which criteria ARE evaluated for it. A TRUE value means that\n  criterion actively participates in eligibility checking and ranking for that\n  scholarship. A FALSE value means the criterion is completely ignored.\n\n  DISQUALIFICATION RULES (checked before any ranking):\n  - If repite_curso = TRUE for the scholarship AND the applicant has repite = TRUE\n    in dato_socioeconomicos → the applicant is automatically disqualified.\n  - If nacionalidad_española = TRUE for the scholarship AND the applicant has\n    nacionalidad_española = FALSE in dato_socioeconomicos → automatically disqualified.\n\n  ACTIVE CRITERIA PER SCHOLARSHIP (true fields only):\n  - MEC:        repite(disqualifier), nacionalidad(disqualifier), renta, discapacidad,\n                orfandad, familia_numerosa, reside_fuera. Most comprehensive scholarship.\n  - General:    nacionalidad(disqualifier), renta, familia_numerosa, reside_fuera.\n  - Movilidad:  nacionalidad(disqualifier), reside_fuera. Priority for applicants\n                who already live away from their family home.\n  - Comedor:    nacionalidad(disqualifier), renta, familia_numerosa.\n  - Excelencia: nacionalidad(disqualifier), discapacidad. Exclusively for applicants\n                with a recognized disability grade. Ranked by disability grade descending.\n\n  Join this table with dato_socioeconomicos using tipobeca_O to determine which\n  criteria apply to the scholarship requested by the user.",
  "descriptionType" : "TEXT",
  "searchDescription" : "Scholarship criteria configuration table. Each row defines one scholarship type and specifies which criteria ARE evaluated for it. A TRUE value means that criterion actively participates in eligibility checking and ranking for that scholarship. A FALSE value means the criterion is completely ignored. DISQUALIFICATION RULES (checked before any ranking): - If repite_curso = TRUE for the scholarship AND the applicant has repite = TRUE in dato_socioeconomicos → the applicant is automatically disqualified. - If nacionalidad_española = TRUE for the scholarship AND the applicant has nacionalidad_española = FALSE in dato_socioeconomicos → automatically disqualified. ACTIVE CRITERIA PER SCHOLARSHIP (true fields only): - MEC: repite(disqualifier), nacionalidad(disqualifier), renta, discapacidad, orfandad, familia_numerosa, reside_fuera. Most comprehensive scholarship. - General: nacionalidad(disqualifier), renta, familia_numerosa, reside_fuera. - Movilidad: nacionalidad(disqualifier), reside_fuera. Priority for applicants who already live away from their family home. - Comedor: nacionalidad(disqualifier), renta, familia_numerosa. - Excelencia: nacionalidad(disqualifier), discapacidad. Exclusively for applicants with a recognized disability grade. Ranked by disability grade descending. Join this table with dato_socioeconomicos using tipobeca_O to determine which criteria apply to the scholarship requested by the user.",
  "synchDate" : "2026-02-28T20:06:34.374+00:00",
  "lastModificationVdpData" : "2026-02-28T14:42:22.000+00:00",
  "lastModificationIsstData" : null,
  "databaseId" : 1,
  "dbName" : null,
  "fieldsTagged" : null,
  "databaseName" : "admin",
  "viewFields" : [ {
    "id" : 1,
    "name" : "discapacidad",
    "logicalName" : null,
    "description" : "indica si la beca evalúa esa condición (True/False).",
    "lastModificationIsst" : "2026-02-28T14:53:59.954+00:00",
    "vdpOrder" : 6,
    "fieldProperties" : [ {
      "viewId" : null,
      "fieldName" : null,
      "propName" : "type",
      "propValue" : "boolean"
    } ]
  }, {
    "id" : 2,
    "name" : "familia_numerosa",
    "logicalName" : null,
    "description" : "indica si la beca evalúa esa condición (True/False).",
    "lastModificationIsst" : "2026-02-28T14:53:51.128+00:00",
    "vdpOrder" : 4,
    "fieldProperties" : [ {
      "viewId" : null,
      "fieldName" : null,
      "propName" : "type",
      "propValue" : "boolean"
    } ]
  }, {
    "id" : 3,
    "name" : "nacionalidad_española",
    "logicalName" : null,
    "description" : "indica si la beca evalúa esa condición (True/False).",
    "lastModificationIsst" : "2026-02-28T14:53:44.592+00:00",
    "vdpOrder" : 3,
    "fieldProperties" : [ {
      "viewId" : null,
      "fieldName" : null,
      "propName" : "type",
      "propValue" : "boolean"
    } ]
  }, {
    "id" : 4,
    "name" : "orfandad",
    "logicalName" : null,
    "description" : "indica si la beca evalúa esa condición (True/False).",
    "lastModificationIsst" : "2026-02-28T14:53:55.600+00:00",
    "vdpOrder" : 5,
    "fieldProperties" : [ {
      "viewId" : null,
      "fieldName" : null,
      "propName" : "type",
      "propValue" : "boolean"
    } ]
  }, {
    "id" : 5,
    "name" : "renta_anual_familiar",
    "logicalName" : null,
    "description" : "indica si la beca evalúa esa condición (True/False).",
    "lastModificationIsst" : "2026-02-28T14:54:04.883+00:00",
    "vdpOrder" : 7,
    "fieldProperties" : [ {
      "viewId" : null,
      "fieldName" : null,
      "propName" : "type",
      "propValue" : "boolean"
    } ]
  }, {
    "id" : 6,
    "name" : "repite_curso",
    "logicalName" : null,
    "description" : "indica si la beca evalúa esa condición (True/False).",
    "lastModificationIsst" : "2026-02-28T14:53:27.340+00:00",
    "vdpOrder" : 2,
    "fieldProperties" : [ {
      "viewId" : null,
      "fieldName" : null,
      "propName" : "type",
      "propValue" : "boolean"
    } ]
  }, {
    "id" : 7,
    "name" : "reside_fuera",
    "logicalName" : null,
    "description" : "indica si la beca evalúa esa condición (True/False).",
    "lastModificationIsst" : "2026-02-28T14:54:09.302+00:00",
    "vdpOrder" : 8,
    "fieldProperties" : [ {
      "viewId" : null,
      "fieldName" : null,
      "propName" : "type",
      "propValue" : "boolean"
    } ]
  }, {
    "id" : 8,
    "name" : "tipobeca_0",
    "logicalName" : null,
    "description" : "nombre de la beca.",
    "lastModificationIsst" : "2026-02-28T14:52:25.624+00:00",
    "vdpOrder" : 1,
    "fieldProperties" : [ {
      "viewId" : null,
      "fieldName" : null,
      "propName" : "type",
      "propValue" : "text"
    } ]
  } ],
  "assignedToCategory" : false,
  "assignedToTag" : false
}, {
  "id" : 2,
  "name" : "datos_becas_j_datos_personales_j_datos_socioeconomicos",
  "description" : "",
  "descriptionType" : "TEXT",
  "searchDescription" : "",
  "synchDate" : "2026-02-28T20:06:34.375+00:00",
  "lastModificationVdpData" : "2026-02-28T14:48:36.000+00:00",
  "lastModificationIsstData" : null,
  "databaseId" : 1,
  "dbName" : null,
  "fieldsTagged" : null,
  "databaseName" : "admin",
  "viewFields" : [ {
    "id" : 9,
    "name" : "discapacidad",
    "logicalName" : null,
    "description" : "Indica si la beca tiene encuenta este campo (True/False).",
    "lastModificationIsst" : "2026-02-28T15:39:33.292+00:00",
    "vdpOrder" : 6,
    "fieldProperties" : [ {
      "viewId" : null,
      "fieldName" : null,
      "propName" : "type",
      "propValue" : "boolean"
    } ]
  }, {
    "id" : 10,
    "name" : "familia_numerosa",
    "logicalName" : null,
    "description" : "Indica si la beca tiene encuenta este campo (True/False).",
    "lastModificationIsst" : "2026-02-28T15:39:13.996+00:00",
    "vdpOrder" : 4,
    "fieldProperties" : [ {
      "viewId" : null,
      "fieldName" : null,
      "propName" : "type",
      "propValue" : "boolean"
    } ]
  }, {
    "id" : 11,
    "name" : "familiar",
    "logicalName" : null,
    "description" : "Indica si el solicitante pertenece a una familia numerosa (True/False).",
    "lastModificationIsst" : "2026-02-28T15:43:49.149+00:00",
    "vdpOrder" : 23,
    "fieldProperties" : [ {
      "viewId" : null,
      "fieldName" : null,
      "propName" : "type",
      "propValue" : "boolean"
    } ]
  }, {
    "id" : 12,
    "name" : "fuera",
    "logicalName" : null,
    "description" : "Indica si el solicitante vive en distinto domicilio que sus padres (True/False).",
    "lastModificationIsst" : "2026-02-28T15:44:28.740+00:00",
    "vdpOrder" : 22,
    "fieldProperties" : [ {
      "viewId" : null,
      "fieldName" : null,
      "propName" : "type",
      "propValue" : "boolean"
    } ]
  }, {
    "id" : 13,
    "name" : "gradodiscapacidad_0",
    "logicalName" : null,
    "description" : "Indica el grado de discapacidad del solicitante (desde 0 hasta 100).",
    "lastModificationIsst" : "2026-02-28T15:43:05.087+00:00",
    "vdpOrder" : 19,
    "fieldProperties" : [ {
      "viewId" : null,
      "fieldName" : null,
      "propName" : "type",
      "propValue" : "int"
    } ]
  }, {
    "id" : 14,
    "name" : "idpersona",
    "logicalName" : null,
    "description" : "Secuencia numérica que identifica a la persona solicitante.",
    "lastModificationIsst" : "2026-02-28T15:40:13.991+00:00",
    "vdpOrder" : 9,
    "fieldProperties" : [ {
      "viewId" : null,
      "fieldName" : null,
      "propName" : "type",
      "propValue" : "int"
    } ]
  }, {
    "id" : 15,
    "name" : "idpersona_0",
    "logicalName" : null,
    "description" : "Secuencia numérica que identifica a la persona solicitante.",
    "lastModificationIsst" : "2026-02-28T15:41:48.767+00:00",
    "vdpOrder" : 15,
    "fieldProperties" : [ {
      "viewId" : null,
      "fieldName" : null,
      "propName" : "type",
      "propValue" : "int"
    } ]
  }, {
    "id" : 16,
    "name" : "nacionalidad_española",
    "logicalName" : null,
    "description" : "Indica si la beca tiene encuenta este campo (True/False).",
    "lastModificationIsst" : "2026-02-28T15:39:06.415+00:00",
    "vdpOrder" : 3,
    "fieldProperties" : [ {
      "viewId" : null,
      "fieldName" : null,
      "propName" : "type",
      "propValue" : "boolean"
    } ]
  }, {
    "id" : 17,
    "name" : "nacionalidadespañola_0",
    "logicalName" : null,
    "description" : "Indica si el solicitante tiene la nacionalidad española (True/False).",
    "lastModificationIsst" : "2026-02-28T15:42:25.261+00:00",
    "vdpOrder" : 17,
    "fieldProperties" : [ {
      "viewId" : null,
      "fieldName" : null,
      "propName" : "type",
      "propValue" : "boolean"
    } ]
  }, {
    "id" : 18,
    "name" : "nif",
    "logicalName" : null,
    "description" : "Secuencia de números y letras que indica el DNI del solicitante.",
    "lastModificationIsst" : "2026-02-28T15:40:40.115+00:00",
    "vdpOrder" : 10,
    "fieldProperties" : [ {
      "viewId" : null,
      "fieldName" : null,
      "propName" : "type",
      "propValue" : "text"
    } ]
  }, {
    "id" : 19,
    "name" : "nombre",
    "logicalName" : null,
    "description" : "Nombre del solicitante.",
    "lastModificationIsst" : "2026-02-28T15:40:50.611+00:00",
    "vdpOrder" : 11,
    "fieldProperties" : [ {
      "viewId" : null,
      "fieldName" : null,
      "propName" : "type",
      "propValue" : "text"
    } ]
  }, {
    "id" : 20,
    "name" : "orfandad",
    "logicalName" : null,
    "description" : "Indica si el solicitante es huérfano (True/False).",
    "lastModificationIsst" : "2026-02-28T15:43:28.713+00:00",
    "vdpOrder" : 20,
    "fieldProperties" : [ {
      "viewId" : null,
      "fieldName" : null,
      "propName" : "type",
      "propValue" : "boolean"
    } ]
  }, {
    "id" : 21,
    "name" : "orfandad_0",
    "logicalName" : null,
    "description" : "Indica si la beca tiene encuenta este campo (True/False).",
    "lastModificationIsst" : "2026-02-28T15:39:23.359+00:00",
    "vdpOrder" : 5,
    "fieldProperties" : [ {
      "viewId" : null,
      "fieldName" : null,
      "propName" : "type",
      "propValue" : "boolean"
    } ]
  }, {
    "id" : 22,
    "name" : "primerapellido_0",
    "logicalName" : null,
    "description" : "Primer apellido del solicitante.",
    "lastModificationIsst" : "2026-02-28T15:41:03.200+00:00",
    "vdpOrder" : 12,
    "fieldProperties" : [ {
      "viewId" : null,
      "fieldName" : null,
      "propName" : "type",
      "propValue" : "text"
    } ]
  }, {
    "id" : 23,
    "name" : "renta_anual_familiar",
    "logicalName" : null,
    "description" : "Indica si la beca tiene encuenta este campo (True/False).",
    "lastModificationIsst" : "2026-02-28T15:39:39.806+00:00",
    "vdpOrder" : 7,
    "fieldProperties" : [ {
      "viewId" : null,
      "fieldName" : null,
      "propName" : "type",
      "propValue" : "boolean"
    } ]
  }, {
    "id" : 24,
    "name" : "rentareal_0",
    "logicalName" : null,
    "description" : "Indica la renta anual del solicitante.",
    "lastModificationIsst" : "2026-02-28T15:42:39.739+00:00",
    "vdpOrder" : 18,
    "fieldProperties" : [ {
      "viewId" : null,
      "fieldName" : null,
      "propName" : "type",
      "propValue" : "decimal"
    } ]
  }, {
    "id" : 25,
    "name" : "repite",
    "logicalName" : null,
    "description" : "Indica si el solicitante repite curso (True/False).",
    "lastModificationIsst" : "2026-02-28T15:44:47.483+00:00",
    "vdpOrder" : 21,
    "fieldProperties" : [ {
      "viewId" : null,
      "fieldName" : null,
      "propName" : "type",
      "propValue" : "boolean"
    } ]
  }, {
    "id" : 26,
    "name" : "repite_curso",
    "logicalName" : null,
    "description" : "Indica si la beca tiene encuenta este campo (True/False).",
    "lastModificationIsst" : "2026-02-28T15:38:56.626+00:00",
    "vdpOrder" : 2,
    "fieldProperties" : [ {
      "viewId" : null,
      "fieldName" : null,
      "propName" : "type",
      "propValue" : "boolean"
    } ]
  }, {
    "id" : 27,
    "name" : "reside_fuera",
    "logicalName" : null,
    "description" : "Indica si la beca tiene encuenta este campo (True/False).",
    "lastModificationIsst" : "2026-02-28T15:39:46.613+00:00",
    "vdpOrder" : 8,
    "fieldProperties" : [ {
      "viewId" : null,
      "fieldName" : null,
      "propName" : "type",
      "propValue" : "boolean"
    } ]
  }, {
    "id" : 28,
    "name" : "segundoapellido_0",
    "logicalName" : null,
    "description" : "Segundo apellido del solicitante.",
    "lastModificationIsst" : "2026-02-28T15:41:16.587+00:00",
    "vdpOrder" : 13,
    "fieldProperties" : [ {
      "viewId" : null,
      "fieldName" : null,
      "propName" : "type",
      "propValue" : "text"
    } ]
  }, {
    "id" : 29,
    "name" : "telefono",
    "logicalName" : null,
    "description" : "Número de teléfono del solicitante.",
    "lastModificationIsst" : "2026-02-28T15:41:34.668+00:00",
    "vdpOrder" : 14,
    "fieldProperties" : [ {
      "viewId" : null,
      "fieldName" : null,
      "propName" : "type",
      "propValue" : "int"
    } ]
  }, {
    "id" : 30,
    "name" : "tipobeca",
    "logicalName" : null,
    "description" : "Indica el tipo de beca.",
    "lastModificationIsst" : "2026-02-28T15:36:05.450+00:00",
    "vdpOrder" : 1,
    "fieldProperties" : [ {
      "viewId" : null,
      "fieldName" : null,
      "propName" : "type",
      "propValue" : "text"
    } ]
  }, {
    "id" : 31,
    "name" : "tipobeca_0",
    "logicalName" : null,
    "description" : "Indica el tipo de la beca.",
    "lastModificationIsst" : "2026-02-28T15:42:02.441+00:00",
    "vdpOrder" : 16,
    "fieldProperties" : [ {
      "viewId" : null,
      "fieldName" : null,
      "propName" : "type",
      "propValue" : "text"
    } ]
  } ],
  "assignedToCategory" : false,
  "assignedToTag" : false
}, {
  "id" : 3,
  "name" : "datos_personales",
  "description" : "  Personal identification table for scholarship applicants. Contains the full name\n  and contact details of each person. Always join this table with dato_socioeconomicos\n  using idpersona_O to retrieve the applicant's name in the final output.\n  This table has no eligibility or ranking logic — it is used exclusively to\n  identify candidates by name after ranking has been determined from dato_socioeconomicos.",
  "descriptionType" : "TEXT",
  "searchDescription" : "Personal identification table for scholarship applicants. Contains the full name and contact details of each person. Always join this table with dato_socioeconomicos using idpersona_O to retrieve the applicant's name in the final output. This table has no eligibility or ranking logic — it is used exclusively to identify candidates by name after ranking has been determined from dato_socioeconomicos.",
  "synchDate" : "2026-02-28T20:06:34.375+00:00",
  "lastModificationVdpData" : "2026-02-28T14:43:35.000+00:00",
  "lastModificationIsstData" : null,
  "databaseId" : 1,
  "dbName" : null,
  "fieldsTagged" : null,
  "databaseName" : "admin",
  "viewFields" : [ {
    "id" : 32,
    "name" : "idpersona_0",
    "logicalName" : null,
    "description" : "identificador númerico único que identifica a la persona.",
    "lastModificationIsst" : "2026-02-28T14:55:31.527+00:00",
    "vdpOrder" : 1,
    "fieldProperties" : [ {
      "viewId" : null,
      "fieldName" : null,
      "propName" : "type",
      "propValue" : "int"
    } ]
  }, {
    "id" : 33,
    "name" : "nif",
    "logicalName" : null,
    "description" : "cadena de letras y números del DNI del solicitante de la beca.",
    "lastModificationIsst" : "2026-02-28T14:55:53.095+00:00",
    "vdpOrder" : 2,
    "fieldProperties" : [ {
      "viewId" : null,
      "fieldName" : null,
      "propName" : "type",
      "propValue" : "text"
    } ]
  }, {
    "id" : 34,
    "name" : "nombre",
    "logicalName" : null,
    "description" : "nombre del solicitante.",
    "lastModificationIsst" : "2026-02-28T14:56:07.590+00:00",
    "vdpOrder" : 3,
    "fieldProperties" : [ {
      "viewId" : null,
      "fieldName" : null,
      "propName" : "type",
      "propValue" : "text"
    } ]
  }, {
    "id" : 35,
    "name" : "primerapellido_0",
    "logicalName" : null,
    "description" : "primer apellido del solicitante.",
    "lastModificationIsst" : "2026-02-28T14:56:22.233+00:00",
    "vdpOrder" : 4,
    "fieldProperties" : [ {
      "viewId" : null,
      "fieldName" : null,
      "propName" : "type",
      "propValue" : "text"
    } ]
  }, {
    "id" : 36,
    "name" : "segundoapellido_0",
    "logicalName" : null,
    "description" : "segundo apellido del solicitante.",
    "lastModificationIsst" : "2026-02-28T14:56:32.164+00:00",
    "vdpOrder" : 5,
    "fieldProperties" : [ {
      "viewId" : null,
      "fieldName" : null,
      "propName" : "type",
      "propValue" : "text"
    } ]
  }, {
    "id" : 37,
    "name" : "telefono",
    "logicalName" : null,
    "description" : "número de teléfono de contacto del solicitante.",
    "lastModificationIsst" : "2026-02-28T14:56:59.559+00:00",
    "vdpOrder" : 6,
    "fieldProperties" : [ {
      "viewId" : null,
      "fieldName" : null,
      "propName" : "type",
      "propValue" : "int"
    } ]
  } ],
  "assignedToCategory" : false,
  "assignedToTag" : false
}, {
  "id" : 4,
  "name" : "datos_socioeconomicos",
  "description" : " Main ranking table. Contains one row per applicant per scholarship they applied to.\n  To answer \"who deserves scholarship X most\": filter by tipobeca_O = X, apply\n  disqualifiers, then score and rank the remaining candidates using the rules below.\n  Only apply a criterion if its corresponding field is TRUE in dato_becas for the\n  requested scholarship. Join with datos_personales2 using idpersona_O for names.\n\n  NOTE ON COLUMN NAMES: 'fuera' = reside_fuera (lives away from family home).\n  'familiar' = familia_numerosa (large family). 'repite' = repite_curso (repeating\n  academic year). 'gradodiscapacidad_O' is a numeric value from 0 to 100.\n\n  SCORING RULES — apply only criteria that are TRUE in dato_becas:\n\n  1. INCOME (rentareal_O) — highest weight, always the primary sorting criterion:\n     - Below 10,000 €        → Income tier 5 (critical need, maximum priority)\n     - 10,001 – 15,000 €     → Income tier 4 (very high need)\n     - 15,001 – 20,000 €     → Income tier 3 (high need)\n     - 20,001 – 28,000 €     → Income tier 2 (moderate need)\n     - Above 28,000 €        → Income tier 1 (low need)\n\n  2. DISABILITY (gradodiscapacidad_O) — higher grade means higher priority:\n     - Grade 65–100  → Disability tier 3 (severe)\n     - Grade 33–64   → Disability tier 2 (recognized)\n     - Grade 1–32    → Disability tier 1 (mild)\n     - Grade 0       → Not applicable, 0 points\n\n  3. BOOLEAN CRITERIA — each adds priority points when the applicant meets them:\n     - orfandad = TRUE    → +2 points\n     - familiar = TRUE    → +1 point\n     - fuera = TRUE       → +1 point\n\n  TIE-BREAKING ORDER: income tier → disability grade → orfandad → familiar → fuera.\n\n  OUTPUT: return full name (from datos_personales2), idpersona_O, rentareal_O,\n  gradodiscapacidad_O, and the boolean criteria met. Include one sentence per\n  candidate explaining why they rank at that position.",
  "descriptionType" : "TEXT",
  "searchDescription" : "Main ranking table. Contains one row per applicant per scholarship they applied to. To answer \"who deserves scholarship X most\": filter by tipobeca_O = X, apply disqualifiers, then score and rank the remaining candidates using the rules below. Only apply a criterion if its corresponding field is TRUE in dato_becas for the requested scholarship. Join with datos_personales2 using idpersona_O for names. NOTE ON COLUMN NAMES: 'fuera' = reside_fuera (lives away from family home). 'familiar' = familia_numerosa (large family). 'repite' = repite_curso (repeating academic year). 'gradodiscapacidad_O' is a numeric value from 0 to 100. SCORING RULES — apply only criteria that are TRUE in dato_becas: 1. INCOME (rentareal_O) — highest weight, always the primary sorting criterion: - Below 10,000 € → Income tier 5 (critical need, maximum priority) - 10,001 – 15,000 € → Income tier 4 (very high need) - 15,001 – 20,000 € → Income tier 3 (high need) - 20,001 – 28,000 € → Income tier 2 (moderate need) - Above 28,000 € → Income tier 1 (low need) 2. DISABILITY (gradodiscapacidad_O) — higher grade means higher priority: - Grade 65–100 → Disability tier 3 (severe) - Grade 33–64 → Disability tier 2 (recognized) - Grade 1–32 → Disability tier 1 (mild) - Grade 0 → Not applicable, 0 points 3. BOOLEAN CRITERIA — each adds priority points when the applicant meets them: - orfandad = TRUE → +2 points - familiar = TRUE → +1 point - fuera = TRUE → +1 point TIE-BREAKING ORDER: income tier → disability grade → orfandad → familiar → fuera. OUTPUT: return full name (from datos_personales2), idpersona_O, rentareal_O, gradodiscapacidad_O, and the boolean criteria met. Include one sentence per candidate explaining why they rank at that position.",
  "synchDate" : "2026-02-28T20:06:34.376+00:00",
  "lastModificationVdpData" : "2026-02-28T14:43:42.000+00:00",
  "lastModificationIsstData" : null,
  "databaseId" : 1,
  "dbName" : null,
  "fieldsTagged" : null,
  "databaseName" : "admin",
  "viewFields" : [ {
    "id" : 38,
    "name" : "familiar",
    "logicalName" : null,
    "description" : "Indica si el solicitante pertenece a una familia numerosa (True/False).",
    "lastModificationIsst" : "2026-02-28T15:09:11.917+00:00",
    "vdpOrder" : 9,
    "fieldProperties" : [ {
      "viewId" : null,
      "fieldName" : null,
      "propName" : "type",
      "propValue" : "boolean"
    } ]
  }, {
    "id" : 39,
    "name" : "fuera",
    "logicalName" : null,
    "description" : "Indica si el solicitante vive fuera de casa de sus padres o tutores legales (True/False).",
    "lastModificationIsst" : "2026-02-28T15:08:28.752+00:00",
    "vdpOrder" : 8,
    "fieldProperties" : [ {
      "viewId" : null,
      "fieldName" : null,
      "propName" : "type",
      "propValue" : "boolean"
    } ]
  }, {
    "id" : 40,
    "name" : "gradodiscapacidad_0",
    "logicalName" : null,
    "description" : "grado de discapacidad del solicitante (desde 0 hasta 100).",
    "lastModificationIsst" : "2026-02-28T15:07:01.492+00:00",
    "vdpOrder" : 5,
    "fieldProperties" : [ {
      "viewId" : null,
      "fieldName" : null,
      "propName" : "type",
      "propValue" : "int"
    } ]
  }, {
    "id" : 41,
    "name" : "idpersona_0",
    "logicalName" : null,
    "description" : "identificador numérico único que identifica a la persona.",
    "lastModificationIsst" : "2026-02-28T15:04:18.294+00:00",
    "vdpOrder" : 1,
    "fieldProperties" : [ {
      "viewId" : null,
      "fieldName" : null,
      "propName" : "type",
      "propValue" : "int"
    } ]
  }, {
    "id" : 42,
    "name" : "nacionalidadespañola_0",
    "logicalName" : null,
    "description" : "indica si el solicitante tiene la nacionalidad española (True/False).",
    "lastModificationIsst" : "2026-02-28T15:06:01.034+00:00",
    "vdpOrder" : 3,
    "fieldProperties" : [ {
      "viewId" : null,
      "fieldName" : null,
      "propName" : "type",
      "propValue" : "boolean"
    } ]
  }, {
    "id" : 43,
    "name" : "orfandad",
    "logicalName" : null,
    "description" : "indica si el solicitante es huérfano (True/False).",
    "lastModificationIsst" : "2026-02-28T15:07:22.324+00:00",
    "vdpOrder" : 6,
    "fieldProperties" : [ {
      "viewId" : null,
      "fieldName" : null,
      "propName" : "type",
      "propValue" : "boolean"
    } ]
  }, {
    "id" : 44,
    "name" : "rentareal_0",
    "logicalName" : null,
    "description" : "importe total de la renta anual del solicitante.",
    "lastModificationIsst" : "2026-02-28T15:06:23.145+00:00",
    "vdpOrder" : 4,
    "fieldProperties" : [ {
      "viewId" : null,
      "fieldName" : null,
      "propName" : "type",
      "propValue" : "decimal"
    } ]
  }, {
    "id" : 45,
    "name" : "repite",
    "logicalName" : null,
    "description" : "indica si el solicitante repite curso (True/False).",
    "lastModificationIsst" : "2026-02-28T15:07:42.547+00:00",
    "vdpOrder" : 7,
    "fieldProperties" : [ {
      "viewId" : null,
      "fieldName" : null,
      "propName" : "type",
      "propValue" : "boolean"
    } ]
  }, {
    "id" : 46,
    "name" : "tipobeca_0",
    "logicalName" : null,
    "description" : "nombre de la beca solicitada.",
    "lastModificationIsst" : "2026-02-28T15:04:33.282+00:00",
    "vdpOrder" : 2,
    "fieldProperties" : [ {
      "viewId" : null,
      "fieldName" : null,
      "propName" : "type",
      "propValue" : "text"
    } ]
  } ],
  "assignedToCategory" : false,
  "assignedToTag" : false
} ]